2022,sunrise time,Zenith,CF Sunset,Day length,Astronomical twilight start,Nautical twilight start,Civil twilight start,Civil twilight end,Nautical twilight end,Astronomical twilight end,
01-Jan,9:19 AM,1:17 PM,5:15 PM,07:55:17,+1:03,7:16 AM,7:56 AM,9:19 AM,5:15 PM,6:37 PM,7:18 PM
02-Jan,9:19 AM,1:17 PM,5:16 PM,07:56:28,+1:11,7:16 AM,7:56 AM,9:19 AM,5:16 PM,6:38 PM,7:19 PM
03-Jan,9:19 AM,1:18 PM,5:17 PM,07:57:44,+1:16,7:16 AM,7:56 AM,9:19 AM,5:17 PM,6:39 PM,7:20 PM
04-Jan,9:19 AM,1:18 PM,5:18 PM,07:59:06,+1:22,7:16 AM,7:56 AM,9:19 AM,5:18 PM,6:40 PM,7:21 PM
05-Jan,9:18 AM,1:19 PM,5:19 PM,08:00:34,+1:28,7:16 AM,7:56 AM,9:18 AM,5:19 PM,6:41 PM,7:22 PM
06-Jan,9:18 AM,1:19 PM,5:20 PM,08:02:08,+1:34,7:15 AM,7:56 AM,9:18 AM,5:20 PM,6:42 PM,7:23 PM
07-Jan,9:18 AM,1:20 PM,5:21 PM,08:03:47,+1:39,7:15 AM,7:56 AM,9:18 AM,5:21 PM,6:44 PM,7:24 PM
08-Jan,9:17 AM,1:20 PM,5:23 PM,08:05:32,+1:45,7:15 AM,7:55 AM,9:17 AM,5:23 PM,6:45 PM,7:25 PM
09-Jan,9:17 AM,1:20 PM,5:24 PM,08:07:22,+1:50,7:15 AM,7:55 AM,9:17 AM,5:24 PM,6:46 PM,7:26 PM
10-Jan,9:16 AM,1:21 PM,5:25 PM,08:09:18,+1:56,7:14 AM,7:55 AM,9:16 AM,5:25 PM,6:47 PM,7:27 PM
11-Jan,9:16 AM,1:21 PM,5:27 PM,08:11:18,+2:00,7:14 AM,7:54 AM,9:16 AM,5:27 PM,6:48 PM,7:28 PM
12-Jan,9:15 AM,1:22 PM,5:28 PM,08:13:25,+2:07,7:14 AM,7:54 AM,9:15 AM,5:28 PM,6:49 PM,7:30 PM
13-Jan,9:14 AM,1:22 PM,5:30 PM,08:15:35,+2:10,7:13 AM,7:53 AM,9:14 AM,5:30 PM,6:51 PM,7:31 PM
14-Jan,9:13 AM,1:22 PM,5:31 PM,08:17:51,+2:16,7:13 AM,7:53 AM,9:13 AM,5:31 PM,6:52 PM,7:32 PM
15-Jan,9:13 AM,1:23 PM,5:33 PM,08:20:10,+2:19,7:12 AM,7:52 AM,9:13 AM,5:33 PM,6:53 PM,7:33 PM
16-Jan,9:12 AM,1:23 PM,5:34 PM,08:22:36,+2:26,7:12 AM,7:52 AM,9:12 AM,5:34 PM,6:55 PM,7:35 PM
17-Jan,9:11 AM,1:23 PM,5:36 PM,08:25:05,+2:29,7:11 AM,7:51 AM,9:11 AM,5:36 PM,6:56 PM,7:36 PM
18-Jan,9:10 AM,1:24 PM,5:38 PM,08:27:37,+2:32,7:10 AM,7:50 AM,9:10 AM,5:38 PM,6:57 PM,7:37 PM
19-Jan,9:09 AM,1:24 PM,5:39 PM,08:30:15,+2:38,7:10 AM,7:49 AM,9:09 AM,5:39 PM,6:59 PM,7:39 PM
20-Jan,9:08 AM,1:24 PM,5:41 PM,08:32:56,+2:41,7:09 AM,7:49 AM,9:08 AM,5:41 PM,7:00 PM,7:40 PM
21-Jan,9:07 AM,1:25 PM,5:43 PM,08:35:42,+2:46,7:08 AM,7:48 AM,9:07 AM,5:43 PM,7:02 PM,7:41 PM
22-Jan,9:06 AM,1:25 PM,5:44 PM,08:38:31,+2:49,7:07 AM,7:47 AM,9:06 AM,5:44 PM,7:03 PM,7:43 PM
23-Jan,9:05 AM,1:25 PM,5:46 PM,08:41:23,+2:52,7:06 AM,7:46 AM,9:05 AM,5:46 PM,7:05 PM,7:44 PM
24-Jan,9:03 AM,1:26 PM,5:48 PM,08:44:19,+2:56,7:06 AM,7:45 AM,9:03 AM,5:48 PM,7:06 PM,7:45 PM
25-Jan,9:02 AM,1:26 PM,5:49 PM,08:47:19,+3:00,7:05 AM,7:44 AM,9:02 AM,5:49 PM,7:08 PM,7:47 PM
26-Jan,9:01 AM,1:26 PM,5:51 PM,08:50:21,+3:02,7:04 AM,7:43 AM,9:01 AM,5:51 PM,7:09 PM,7:48 PM
27-Jan,8:59 AM,1:26 PM,5:53 PM,08:53:26,+3:05,7:03 AM,7:42 AM,8:59 AM,5:53 PM,7:11 PM,7:50 PM
28-Jan,8:58 AM,1:26 PM,5:55 PM,08:56:35,+3:09,7:01 AM,7:41 AM,8:58 AM,5:55 PM,7:12 PM,7:51 PM
29-Jan,8:57 AM,1:27 PM,5:57 PM,08:59:47,+3:12,7:00 AM,7:40 AM,8:57 AM,5:57 PM,7:14 PM,7:53 PM
30-Jan,8:55 AM,1:27 PM,5:58 PM,09:03:01,+3:14,6:59 AM,7:38 AM,8:55 AM,5:58 PM,7:15 PM,7:54 PM
31-Jan,8:54 AM,1:27 PM,6:00 PM,09:06:17,+3:16,6:58 AM,7:37 AM,8:54 AM,6:00 PM,7:17 PM,7:56 PM
01-Feb,8:52 AM,1:27 PM,6:02 PM,09:09:37,+3:20,6:57 AM,7:36 AM,8:52 AM,6:02 PM,7:18 PM,7:57 PM
02-Feb,8:51 AM,1:27 PM,6:04 PM,09:12:58,+3:21,6:56 AM,7:35 AM,8:51 AM,6:04 PM,7:20 PM,7:59 PM
03-Feb,8:49 AM,1:27 PM,6:06 PM,09:16:22,+3:24,6:54 AM,7:33 AM,8:49 AM,6:06 PM,7:22 PM,8:01 PM
04-Feb,8:48 AM,1:28 PM,6:07 PM,09:19:48,+3:26,6:53 AM,7:32 AM,8:48 AM,6:07 PM,7:23 PM,8:02 PM
05-Feb,8:46 AM,1:28 PM,6:09 PM,09:23:16,+3:28,6:52 AM,7:30 AM,8:46 AM,6:09 PM,7:25 PM,8:04 PM
06-Feb,8:44 AM,1:28 PM,6:11 PM,09:26:47,+3:31,6:50 AM,7:29 AM,8:44 AM,6:11 PM,7:26 PM,8:05 PM
07-Feb,8:43 AM,1:28 PM,6:13 PM,09:30:18,+3:31,6:49 AM,7:27 AM,8:43 AM,6:13 PM,7:28 PM,8:07 PM
08-Feb,8:41 AM,1:28 PM,6:15 PM,09:33:52,+3:34,6:47 AM,7:26 AM,8:41 AM,6:15 PM,7:30 PM,8:08 PM
09-Feb,8:39 AM,1:28 PM,6:17 PM,09:37:27,+3:35,6:46 AM,7:24 AM,8:39 AM,6:17 PM,7:31 PM,8:10 PM
10-Feb,8:37 AM,1:28 PM,6:18 PM,09:41:05,+3:38,6:44 AM,7:23 AM,8:37 AM,6:18 PM,7:33 PM,8:12 PM
11-Feb,8:36 AM,1:28 PM,6:20 PM,09:44:43,+3:38,6:43 AM,7:21 AM,8:36 AM,6:20 PM,7:35 PM,8:13 PM
12-Feb,8:34 AM,1:28 PM,6:22 PM,09:48:23,+3:40,6:41 AM,7:20 AM,8:34 AM,6:22 PM,7:36 PM,8:15 PM
13-Feb,8:32 AM,1:28 PM,6:24 PM,09:52:05,+3:42,6:39 AM,7:18 AM,8:32 AM,6:24 PM,7:38 PM,8:17 PM
14-Feb,8:30 AM,1:28 PM,6:26 PM,09:55:47,+3:42,6:38 AM,7:16 AM,8:30 AM,6:26 PM,7:40 PM,8:18 PM
15-Feb,8:28 AM,1:28 PM,6:28 PM,09:59:31,+3:44,6:36 AM,7:14 AM,8:28 AM,6:28 PM,7:41 PM,8:20 PM
16-Feb,8:26 AM,1:28 PM,6:29 PM,10:03:16,+3:45,6:34 AM,7:13 AM,8:26 AM,6:29 PM,7:43 PM,8:22 PM
17-Feb,8:24 AM,1:28 PM,6:31 PM,10:07:03,+3:47,6:32 AM,7:11 AM,8:24 AM,6:31 PM,7:45 PM,8:23 PM
18-Feb,8:22 AM,1:28 PM,6:33 PM,10:10:50,+3:47,6:30 AM,7:09 AM,8:22 AM,6:33 PM,7:46 PM,8:25 PM
19-Feb,8:20 AM,1:28 PM,6:35 PM,10:14:38,+3:48,6:29 AM,7:07 AM,8:20 AM,6:35 PM,7:48 PM,8:27 PM
20-Feb,8:18 AM,1:28 PM,6:37 PM,10:18:27,+3:49,6:27 AM,7:05 AM,8:18 AM,6:37 PM,7:50 PM,8:28 PM
21-Feb,8:16 AM,1:27 PM,6:39 PM,10:22:17,+3:50,6:25 AM,7:03 AM,8:16 AM,6:39 PM,7:51 PM,8:30 PM
22-Feb,8:14 AM,1:27 PM,6:40 PM,10:26:08,+3:51,6:23 AM,7:02 AM,8:14 AM,6:40 PM,7:53 PM,8:32 PM
23-Feb,8:12 AM,1:27 PM,6:42 PM,10:29:59,+3:51,6:21 AM,7:00 AM,8:12 AM,6:42 PM,7:55 PM,8:33 PM
24-Feb,8:10 AM,1:27 PM,6:44 PM,10:33:52,+3:53,6:19 AM,6:58 AM,8:10 AM,6:44 PM,7:57 PM,8:35 PM
25-Feb,8:08 AM,1:27 PM,6:46 PM,10:37:44,+3:52,6:17 AM,6:56 AM,8:08 AM,6:46 PM,7:58 PM,8:37 PM
26-Feb,8:06 AM,1:27 PM,6:48 PM,10:41:38,+3:54,6:15 AM,6:54 AM,8:06 AM,6:48 PM,8:00 PM,8:39 PM
27-Feb,8:04 AM,1:27 PM,6:49 PM,10:45:32,+3:54,6:13 AM,6:52 AM,8:04 AM,6:49 PM,8:02 PM,8:40 PM
28-Feb,8:02 AM,1:26 PM,6:51 PM,10:49:26,+3:54,6:11 AM,6:49 AM,8:02 AM,6:51 PM,8:03 PM,8:42 PM
01-Mar,8:00 AM,1:26 PM,6:53 PM,10:53:21,+3:55,6:09 AM,6:47 AM,8:00 AM,6:53 PM,8:05 PM,8:44 PM
02-Mar,7:57 AM,1:26 PM,6:55 PM,10:57:17,+3:56,6:06 AM,6:45 AM,7:57 AM,6:55 PM,8:07 PM,8:46 PM
03-Mar,7:55 AM,1:26 PM,6:56 PM,11:01:13,+3:56,6:04 AM,6:43 AM,7:55 AM,6:56 PM,8:08 PM,8:47 PM
04-Mar,7:53 AM,1:26 PM,6:58 PM,11:05:09,+3:56,6:02 AM,6:41 AM,7:53 AM,6:58 PM,8:10 PM,8:49 PM
05-Mar,7:51 AM,1:25 PM,7:00 PM,11:09:05,+3:56,6:00 AM,6:39 AM,7:51 AM,7:00 PM,8:12 PM,8:51 PM
06-Mar,7:49 AM,1:25 PM,7:02 PM,11:13:03,+3:58,5:57 AM,6:37 AM,7:49 AM,7:02 PM,8:14 PM,8:53 PM
07-Mar,7:46 AM,1:25 PM,7:03 PM,11:17:00,+3:57,5:55 AM,6:34 AM,7:46 AM,7:03 PM,8:15 PM,8:55 PM
08-Mar,7:44 AM,1:25 PM,7:05 PM,11:20:57,+3:57,5:53 AM,6:32 AM,7:44 AM,7:05 PM,8:17 PM,8:56 PM
09-Mar,7:42 AM,1:24 PM,7:07 PM,11:24:55,+3:58,5:50 AM,6:30 AM,7:42 AM,7:07 PM,8:19 PM,8:58 PM
10-Mar,7:40 AM,1:24 PM,7:09 PM,11:28:53,+3:58,5:48 AM,6:28 AM,7:40 AM,7:09 PM,8:20 PM,9:00 PM
11-Mar,7:37 AM,1:24 PM,7:10 PM,11:32:52,+3:59,5:46 AM,6:25 AM,7:37 AM,7:10 PM,8:22 PM,9:02 PM
12-Mar,7:35 AM,1:24 PM,7:12 PM,11:36:49,+3:57,5:43 AM,6:23 AM,7:35 AM,7:12 PM,8:24 PM,9:04 PM
13-Mar,7:33 AM,1:23 PM,7:14 PM,11:40:48,+3:59,5:41 AM,6:21 AM,7:33 AM,7:14 PM,8:26 PM,9:06 PM
14-Mar,7:31 AM,1:23 PM,7:15 PM,11:44:47,+3:59,5:38 AM,6:18 AM,7:31 AM,7:15 PM,8:27 PM,9:07 PM
15-Mar,7:28 AM,1:23 PM,7:17 PM,11:48:45,+3:58,5:36 AM,6:16 AM,7:28 AM,7:17 PM,8:29 PM,9:09 PM
16-Mar,7:26 AM,1:22 PM,7:19 PM,11:52:44,+3:59,5:33 AM,6:14 AM,7:26 AM,7:19 PM,8:31 PM,9:11 PM
17-Mar,7:24 AM,1:22 PM,7:20 PM,11:56:42,+3:58,5:31 AM,6:11 AM,7:24 AM,7:20 PM,8:33 PM,9:13 PM
18-Mar,7:21 AM,1:22 PM,7:22 PM,12:00:41,+3:59,5:28 AM,6:09 AM,7:21 AM,7:22 PM,8:35 PM,9:15 PM
19-Mar,7:19 AM,1:21 PM,7:24 PM,12:04:39,+3:58,5:26 AM,6:07 AM,7:19 AM,7:24 PM,8:36 PM,9:17 PM
20-Mar,7:17 AM,1:21 PM,7:25 PM,12:08:38,+3:59,5:23 AM,6:04 AM,7:17 AM,7:25 PM,8:38 PM,9:19 PM
21-Mar,7:15 AM,1:21 PM,7:27 PM,12:12:37,+3:59,5:21 AM,6:02 AM,7:15 AM,7:27 PM,8:40 PM,9:21 PM
22-Mar,7:12 AM,1:21 PM,7:29 PM,12:16:35,+3:58,5:18 AM,5:59 AM,7:12 AM,7:29 PM,8:42 PM,9:23 PM
23-Mar,7:10 AM,1:20 PM,7:30 PM,12:20:34,+3:59,5:15 AM,5:57 AM,7:10 AM,7:30 PM,8:44 PM,9:25 PM
24-Mar,7:08 AM,1:20 PM,7:32 PM,12:24:32,+3:58,5:13 AM,5:54 AM,7:08 AM,7:32 PM,8:45 PM,9:27 PM
25-Mar,7:05 AM,1:20 PM,7:34 PM,12:28:30,+3:58,5:10 AM,5:52 AM,7:05 AM,7:34 PM,8:47 PM,9:29 PM
26-Mar,7:03 AM,1:19 PM,7:35 PM,12:32:28,+3:58,5:07 AM,5:49 AM,7:03 AM,7:35 PM,8:49 PM,9:31 PM
27-Mar,7:01 AM,1:19 PM,7:37 PM,12:36:26,+3:58,5:05 AM,5:47 AM,7:01 AM,7:37 PM,8:51 PM,9:33 PM
28-Mar,6:58 AM,1:19 PM,7:39 PM,12:40:24,+3:58,5:02 AM,5:45 AM,6:58 AM,7:39 PM,8:53 PM,9:35 PM
29-Mar,6:56 AM,1:18 PM,7:40 PM,12:44:22,+3:58,4:59 AM,5:42 AM,6:56 AM,7:40 PM,8:55 PM,9:37 PM
30-Mar,6:54 AM,1:18 PM,7:42 PM,12:48:19,+3:57,4:56 AM,5:40 AM,6:54 AM,7:42 PM,8:56 PM,9:40 PM
31-Mar,6:52 AM,1:18 PM,7:44 PM,12:52:16,+3:57,4:54 AM,5:37 AM,6:52 AM,7:44 PM,8:58 PM,9:42 PM
01-Apr,6:49 AM,1:17 PM,7:45 PM,12:56:13,+3:57,4:51 AM,5:34 AM,6:49 AM,7:45 PM,9:00 PM,9:44 PM
02-Apr,6:47 AM,1:17 PM,7:47 PM,13:00:10,+3:57,4:48 AM,5:32 AM,6:47 AM,7:47 PM,9:02 PM,9:46 PM
03-Apr,6:45 AM,1:17 PM,7:49 PM,13:04:05,+3:55,4:45 AM,5:29 AM,6:45 AM,7:49 PM,9:04 PM,9:48 PM
04-Apr,6:42 AM,1:16 PM,7:50 PM,13:08:01,+3:56,4:42 AM,5:27 AM,6:42 AM,7:50 PM,9:06 PM,9:51 PM
05-Apr,6:40 AM,1:16 PM,7:52 PM,13:11:57,+3:56,4:39 AM,5:24 AM,6:40 AM,7:52 PM,9:08 PM,9:53 PM
06-Apr,6:38 AM,1:16 PM,7:54 PM,13:15:52,+3:55,4:36 AM,5:22 AM,6:38 AM,7:54 PM,9:10 PM,9:55 PM
07-Apr,6:36 AM,1:16 PM,7:55 PM,13:19:46,+3:54,4:34 AM,5:19 AM,6:36 AM,7:55 PM,9:12 PM,9:58 PM
08-Apr,6:33 AM,1:15 PM,7:57 PM,13:23:40,+3:54,4:31 AM,5:17 AM,6:33 AM,7:57 PM,9:14 PM,10:00 PM
09-Apr,6:31 AM,1:15 PM,7:59 PM,13:27:34,+3:54,4:28 AM,5:14 AM,6:31 AM,7:59 PM,9:16 PM,10:02 PM
10-Apr,6:29 AM,1:15 PM,8:00 PM,13:31:27,+3:53,4:25 AM,5:12 AM,6:29 AM,8:00 PM,9:18 PM,10:05 PM
11-Apr,6:27 AM,1:14 PM,8:02 PM,13:35:20,+3:53,4:22 AM,5:09 AM,6:27 AM,8:02 PM,9:20 PM,10:07 PM
12-Apr,6:25 AM,1:14 PM,8:04 PM,13:39:12,+3:52,4:19 AM,5:06 AM,6:25 AM,8:04 PM,9:22 PM,10:10 PM
13-Apr,6:22 AM,1:14 PM,8:05 PM,13:43:03,+3:51,4:16 AM,5:04 AM,6:22 AM,8:05 PM,9:24 PM,10:12 PM
14-Apr,6:20 AM,1:14 PM,8:07 PM,13:46:54,+3:51,4:13 AM,5:01 AM,6:20 AM,8:07 PM,9:26 PM,10:15 PM
15-Apr,6:18 AM,1:13 PM,8:09 PM,13:50:44,+3:50,4:09 AM,4:59 AM,6:18 AM,8:09 PM,9:28 PM,10:17 PM
16-Apr,6:16 AM,1:13 PM,8:11 PM,13:54:33,+3:49,4:06 AM,4:56 AM,6:16 AM,8:11 PM,9:30 PM,10:20 PM
17-Apr,6:14 AM,1:13 PM,8:12 PM,13:58:22,+3:49,4:03 AM,4:54 AM,6:14 AM,8:12 PM,9:32 PM,10:23 PM
18-Apr,6:12 AM,1:13 PM,8:14 PM,14:02:09,+3:47,4:00 AM,4:51 AM,6:12 AM,8:14 PM,9:34 PM,10:25 PM
19-Apr,6:10 AM,1:13 PM,8:16 PM,14:05:57,+3:48,3:57 AM,4:49 AM,6:10 AM,8:16 PM,9:37 PM,10:28 PM
20-Apr,6:08 AM,1:12 PM,8:17 PM,14:09:42,+3:45,3:54 AM,4:46 AM,6:08 AM,8:17 PM,9:39 PM,10:31 PM
21-Apr,6:05 AM,1:12 PM,8:19 PM,14:13:28,+3:46,3:51 AM,4:43 AM,6:05 AM,8:19 PM,9:41 PM,10:34 PM
22-Apr,6:03 AM,1:12 PM,8:21 PM,14:17:11,+3:43,3:47 AM,4:41 AM,6:03 AM,8:21 PM,9:43 PM,10:37 PM
23-Apr,6:01 AM,1:12 PM,8:22 PM,14:20:55,+3:44,3:44 AM,4:38 AM,6:01 AM,8:22 PM,9:45 PM,10:39 PM
24-Apr,5:59 AM,1:12 PM,8:24 PM,14:24:36,+3:41,3:41 AM,4:36 AM,5:59 AM,8:24 PM,9:47 PM,10:42 PM
25-Apr,5:57 AM,1:11 PM,8:26 PM,14:28:16,+3:40,3:37 AM,4:33 AM,5:57 AM,8:26 PM,9:50 PM,10:45 PM
26-Apr,5:55 AM,1:11 PM,8:27 PM,14:31:56,+3:40,3:34 AM,4:31 AM,5:55 AM,8:27 PM,9:52 PM,10:48 PM
27-Apr,5:53 AM,1:11 PM,8:29 PM,14:35:34,+3:38,3:31 AM,4:28 AM,5:53 AM,8:29 PM,9:54 PM,10:52 PM
28-Apr,5:51 AM,1:11 PM,8:31 PM,14:39:11,+3:37,3:27 AM,4:26 AM,5:51 AM,8:31 PM,9:56 PM,10:55 PM
29-Apr,5:49 AM,1:11 PM,8:32 PM,14:42:46,+3:35,3:24 AM,4:23 AM,5:49 AM,8:32 PM,9:59 PM,10:58 PM
30-Apr,5:48 AM,1:11 PM,8:34 PM,14:46:20,+3:34,3:20 AM,4:21 AM,5:48 AM,8:34 PM,10:01 PM,11:01 PM
01-May,5:46 AM,1:11 PM,8:36 PM,14:49:52,+3:32,3:17 AM,4:18 AM,5:46 AM,8:36 PM,10:03 PM,11:04 PM
02-May,5:44 AM,1:11 PM,8:37 PM,14:53:23,+3:31,3:13 AM,4:16 AM,5:44 AM,8:37 PM,10:06 PM,11:08 PM
03-May,5:42 AM,1:10 PM,8:39 PM,14:56:51,+3:28,3:10 AM,4:13 AM,5:42 AM,8:39 PM,10:08 PM,11:11 PM
04-May,5:40 AM,1:10 PM,8:41 PM,15:00:19,+3:28,3:06 AM,4:11 AM,5:40 AM,8:41 PM,10:10 PM,11:15 PM
05-May,5:38 AM,1:10 PM,8:42 PM,15:03:44,+3:25,3:02 AM,4:08 AM,5:38 AM,8:42 PM,10:12 PM,11:18 PM
06-May,5:37 AM,1:10 PM,8:44 PM,15:07:07,+3:23,2:58 AM,4:06 AM,5:37 AM,8:44 PM,10:15 PM,11:22 PM
07-May,5:35 AM,1:10 PM,8:45 PM,15:10:28,+3:21,2:55 AM,4:03 AM,5:35 AM,8:45 PM,10:17 PM,11:26 PM
08-May,5:33 AM,1:10 PM,8:47 PM,15:13:48,+3:20,2:51 AM,4:01 AM,5:33 AM,8:47 PM,10:19 PM,11:30 PM
09-May,5:32 AM,1:10 PM,8:49 PM,15:17:04,+3:16,2:47 AM,3:58 AM,5:32 AM,8:49 PM,10:22 PM,11:33 PM
10-May,5:30 AM,1:10 PM,8:50 PM,15:20:18,+3:14,2:43 AM,3:56 AM,5:30 AM,8:50 PM,10:24 PM,11:38 PM
11-May,5:28 AM,1:10 PM,8:52 PM,15:23:31,+3:13,2:38 AM,3:54 AM,5:28 AM,8:52 PM,10:26 PM,11:42 PM
12-May,5:27 AM,1:10 PM,8:53 PM,15:26:41,+3:10,2:34 AM,3:51 AM,5:27 AM,8:53 PM,10:29 PM,11:46 PM
13-May,5:25 AM,1:10 PM,8:55 PM,15:29:47,+3:06,2:30 AM,3:49 AM,5:25 AM,8:55 PM,10:31 PM,11:50 PM
14-May,5:24 AM,1:10 PM,8:56 PM,15:32:52,+3:05,2:25 AM,3:47 AM,5:24 AM,8:56 PM,10:34 PM,11:55 PM
15-May,5:22 AM,1:10 PM,8:58 PM,15:35:54,+3:02,2:20 AM,3:44 AM,5:22 AM,8:58 PM,10:36 PM,12:00 AM
16-May,5:21 AM,1:10 PM,9:00 PM,15:38:53,+2:59,2:15 AM,3:42 AM,5:21 AM,9:00 PM,10:38 PM,12:05 AM
17-May,5:19 AM,1:10 PM,9:01 PM,15:41:48,+2:55,2:10 AM,3:40 AM,5:19 AM,9:01 PM,10:41 PM,12:11 AM
18-May,5:18 AM,1:10 PM,9:02 PM,15:44:40,+2:52,2:04 AM,3:37 AM,5:18 AM,9:02 PM,10:43 PM,12:17 AM
19-May,5:16 AM,1:10 PM,9:04 PM,15:47:29,+2:49,1:57 AM,3:35 AM,5:16 AM,9:04 PM,10:45 PM,12:23 AM
20-May,5:15 AM,1:10 PM,9:05 PM,15:50:15,+2:46,1:50 AM,3:33 AM,5:15 AM,9:05 PM,10:47 PM,12:30 AM
21-May,5:14 AM,1:10 PM,9:07 PM,15:52:57,+2:42,1:42 AM,3:31 AM,5:14 AM,9:07 PM,10:50 PM,12:39 AM
22-May,5:13 AM,1:10 PM,9:08 PM,15:55:36,+2:39,1:30 AM,3:29 AM,5:13 AM,9:08 PM,10:52 PM,12:51 AM
23-May,5:11 AM,1:10 PM,9:10 PM,15:58:12,+2:36,10:54 PM,3:27 AM,5:11 AM,9:10 PM,10:54 PM,3:27 AM
24-May,5:10 AM,1:11 PM,9:11 PM,16:00:43,+2:31,10:56 PM,3:25 AM,5:10 AM,9:11 PM,10:56 PM,3:25 AM
25-May,5:09 AM,1:11 PM,9:12 PM,16:03:10,+2:27,10:59 PM,3:23 AM,5:09 AM,9:12 PM,10:59 PM,3:23 AM
26-May,5:08 AM,1:11 PM,9:14 PM,16:05:34,+2:24,11:01 PM,3:21 AM,5:08 AM,9:14 PM,11:01 PM,3:21 AM
27-May,5:07 AM,1:11 PM,9:15 PM,16:07:52,+2:18,11:03 PM,3:19 AM,5:07 AM,9:15 PM,11:03 PM,3:19 AM
28-May,5:06 AM,1:11 PM,9:16 PM,16:10:07,+2:15,11:05 PM,3:17 AM,5:06 AM,9:16 PM,11:05 PM,3:17 AM
29-May,5:05 AM,1:11 PM,9:17 PM,16:12:18,+2:11,11:07 PM,3:15 AM,5:05 AM,9:17 PM,11:07 PM,3:15 AM
30-May,5:04 AM,1:11 PM,9:18 PM,16:14:24,+2:06,11:09 PM,3:13 AM,5:04 AM,9:18 PM,11:09 PM,3:13 AM
31-May,5:03 AM,1:11 PM,9:20 PM,16:16:25,+2:01,11:11 PM,3:12 AM,5:03 AM,9:20 PM,11:11 PM,3:12 AM
01-Jun,5:02 AM,1:12 PM,9:21 PM,16:18:22,+1:57,11:13 PM,3:10 AM,5:02 AM,9:21 PM,11:13 PM,3:10 AM
02-Jun,5:02 AM,1:12 PM,9:22 PM,16:20:13,+1:51,11:15 PM,3:08 AM,5:02 AM,9:22 PM,11:15 PM,3:08 AM
03-Jun,5:01 AM,1:12 PM,9:23 PM,16:22:00,+1:47,11:17 PM,3:07 AM,5:01 AM,9:23 PM,11:17 PM,3:07 AM
04-Jun,5:00 AM,1:12 PM,9:24 PM,16:23:43,+1:43,11:19 PM,3:05 AM,5:00 AM,9:24 PM,11:19 PM,3:05 AM
05-Jun,5:00 AM,1:12 PM,9:25 PM,16:25:19,+1:36,11:20 PM,3:04 AM,5:00 AM,9:25 PM,11:20 PM,3:04 AM
06-Jun,4:59 AM,1:12 PM,9:26 PM,16:26:50,+1:31,11:22 PM,3:03 AM,4:59 AM,9:26 PM,11:22 PM,3:03 AM
07-Jun,4:58 AM,1:13 PM,9:27 PM,16:28:17,+1:27,11:24 PM,3:01 AM,4:58 AM,9:27 PM,11:24 PM,3:01 AM
08-Jun,4:58 AM,1:13 PM,9:28 PM,16:29:37,+1:20,11:25 PM,3:00 AM,4:58 AM,9:28 PM,11:25 PM,3:00 AM
09-Jun,4:57 AM,1:13 PM,9:28 PM,16:30:53,+1:16,11:27 PM,2:59 AM,4:57 AM,9:28 PM,11:27 PM,2:59 AM
10-Jun,4:57 AM,1:13 PM,9:29 PM,16:32:02,+1:09,11:28 PM,2:58 AM,4:57 AM,9:29 PM,11:28 PM,2:58 AM
11-Jun,4:57 AM,1:13 PM,9:30 PM,16:33:06,+1:04,11:29 PM,2:57 AM,4:57 AM,9:30 PM,11:29 PM,2:57 AM
12-Jun,4:56 AM,1:14 PM,9:31 PM,16:34:05,+0:59,11:31 PM,2:56 AM,4:56 AM,9:31 PM,11:31 PM,2:56 AM
13-Jun,4:56 AM,1:14 PM,9:31 PM,16:34:57,+0:52,11:32 PM,2:56 AM,4:56 AM,9:31 PM,11:32 PM,2:56 AM
14-Jun,4:56 AM,1:14 PM,9:32 PM,16:35:44,+0:47,11:33 PM,2:55 AM,4:56 AM,9:32 PM,11:33 PM,2:55 AM
15-Jun,4:56 AM,1:14 PM,9:32 PM,16:36:25,+0:41,11:34 PM,2:55 AM,4:56 AM,9:32 PM,11:34 PM,2:55 AM
16-Jun,4:56 AM,1:14 PM,9:33 PM,16:36:59,+0:34,11:34 PM,2:54 AM,4:56 AM,9:33 PM,11:34 PM,2:54 AM
17-Jun,4:56 AM,1:15 PM,9:33 PM,16:37:29,+0:30,11:35 PM,2:54 AM,4:56 AM,9:33 PM,11:35 PM,2:54 AM
18-Jun,4:56 AM,1:15 PM,9:34 PM,16:37:51,+0:22,11:36 PM,2:54 AM,4:56 AM,9:34 PM,11:36 PM,2:54 AM
19-Jun,4:56 AM,1:15 PM,9:34 PM,16:38:08,+0:17,11:36 PM,2:54 AM,4:56 AM,9:34 PM,11:36 PM,2:54 AM
20-Jun,4:56 AM,1:15 PM,9:34 PM,16:38:18,+0:10,11:37 PM,2:54 AM,4:56 AM,9:34 PM,11:37 PM,2:54 AM
21-Jun,4:56 AM,1:15 PM,9:35 PM,16:38:23,+0:05,11:37 PM,2:54 AM,4:56 AM,9:35 PM,11:37 PM,2:54 AM
22-Jun,4:56 AM,1:16 PM,9:35 PM,16:38:21,−0:02,11:37 PM,2:54 AM,4:56 AM,9:35 PM,11:37 PM,2:54 AM
23-Jun,4:57 AM,1:16 PM,9:35 PM,16:38:15,−0:06,11:37 PM,2:54 AM,4:57 AM,9:35 PM,11:37 PM,2:54 AM
24-Jun,4:57 AM,1:16 PM,9:35 PM,16:38:01,−0:14,11:37 PM,2:55 AM,4:57 AM,9:35 PM,11:37 PM,2:55 AM
25-Jun,4:57 AM,1:16 PM,9:35 PM,16:37:41,−0:20,11:37 PM,2:55 AM,4:57 AM,9:35 PM,11:37 PM,2:55 AM
26-Jun,4:58 AM,1:16 PM,9:35 PM,16:37:15,−0:26,11:37 PM,2:56 AM,4:58 AM,9:35 PM,11:37 PM,2:56 AM
27-Jun,4:58 AM,1:17 PM,9:35 PM,16:36:44,−0:31,11:36 PM,2:57 AM,4:58 AM,9:35 PM,11:36 PM,2:57 AM
28-Jun,4:59 AM,1:17 PM,9:35 PM,16:36:07,−0:37,11:36 PM,2:57 AM,4:59 AM,9:35 PM,11:36 PM,2:57 AM
29-Jun,4:59 AM,1:17 PM,9:35 PM,16:35:23,−0:44,11:35 PM,2:58 AM,4:59 AM,9:35 PM,11:35 PM,2:58 AM
30-Jun,5:00 AM,1:17 PM,9:34 PM,16:34:35,−0:48,11:35 PM,2:59 AM,5:00 AM,9:34 PM,11:35 PM,2:59 AM
01-Jul,5:00 AM,1:17 PM,9:34 PM,16:33:39,−0:56,11:34 PM,3:01 AM,5:00 AM,9:34 PM,11:34 PM,3:01 AM
02-Jul,5:01 AM,1:17 PM,9:34 PM,16:32:39,−1:00,11:33 PM,3:02 AM,5:01 AM,9:34 PM,11:33 PM,3:02 AM
03-Jul,5:02 AM,1:18 PM,9:33 PM,16:31:32,−1:07,11:32 PM,3:03 AM,5:02 AM,9:33 PM,11:32 PM,3:03 AM
04-Jul,5:03 AM,1:18 PM,9:33 PM,16:30:21,−1:11,11:31 PM,3:05 AM,5:03 AM,9:33 PM,11:31 PM,3:05 AM
05-Jul,5:03 AM,1:18 PM,9:32 PM,16:29:03,−1:18,11:30 PM,3:06 AM,5:03 AM,9:32 PM,11:30 PM,3:06 AM
06-Jul,5:04 AM,1:18 PM,9:32 PM,16:27:41,−1:22,11:29 PM,3:08 AM,5:04 AM,9:32 PM,11:29 PM,3:08 AM
07-Jul,5:05 AM,1:18 PM,9:31 PM,16:26:12,−1:29,11:27 PM,3:09 AM,5:05 AM,9:31 PM,11:27 PM,3:09 AM
08-Jul,5:06 AM,1:18 PM,9:31 PM,16:24:40,−1:32,11:26 PM,3:11 AM,5:06 AM,9:31 PM,11:26 PM,3:11 AM
09-Jul,5:07 AM,1:19 PM,9:30 PM,16:23:01,−1:39,11:25 PM,3:13 AM,5:07 AM,9:30 PM,11:25 PM,3:13 AM
10-Jul,5:08 AM,1:19 PM,9:29 PM,16:21:17,−1:44,11:23 PM,3:14 AM,5:08 AM,9:29 PM,11:23 PM,3:14 AM
11-Jul,5:09 AM,1:19 PM,9:29 PM,16:19:29,−1:48,11:22 PM,3:16 AM,5:09 AM,9:29 PM,11:22 PM,3:16 AM
12-Jul,5:10 AM,1:19 PM,9:28 PM,16:17:36,−1:53,11:20 PM,3:18 AM,5:10 AM,9:28 PM,11:20 PM,3:18 AM
13-Jul,5:11 AM,1:19 PM,9:27 PM,16:15:38,−1:58,11:18 PM,3:20 AM,5:11 AM,9:27 PM,11:18 PM,3:20 AM
14-Jul,5:12 AM,1:19 PM,9:26 PM,16:13:36,−2:02,11:16 PM,3:22 AM,5:12 AM,9:26 PM,11:16 PM,3:22 AM
15-Jul,5:14 AM,1:19 PM,9:25 PM,16:11:29,−2:07,11:15 PM,3:24 AM,5:14 AM,9:25 PM,11:15 PM,3:24 AM
16-Jul,5:15 AM,1:19 PM,9:24 PM,16:09:17,−2:12,11:13 PM,3:26 AM,5:15 AM,9:24 PM,11:13 PM,3:26 AM
17-Jul,5:16 AM,1:20 PM,9:23 PM,16:07:02,−2:15,11:11 PM,3:28 AM,5:16 AM,9:23 PM,11:11 PM,3:28 AM
18-Jul,5:17 AM,1:20 PM,9:22 PM,16:04:42,−2:20,11:09 PM,3:30 AM,5:17 AM,9:22 PM,11:09 PM,3:30 AM
19-Jul,5:19 AM,1:20 PM,9:21 PM,16:02:17,−2:25,11:07 PM,3:32 AM,5:19 AM,9:21 PM,11:07 PM,3:32 AM
20-Jul,5:20 AM,1:20 PM,9:20 PM,15:59:50,−2:27,11:05 PM,3:35 AM,5:20 AM,9:20 PM,11:05 PM,3:35 AM
21-Jul,5:21 AM,1:20 PM,9:18 PM,15:57:19,−2:31,11:03 PM,3:37 AM,5:21 AM,9:18 PM,11:03 PM,3:37 AM
22-Jul,5:23 AM,1:20 PM,9:17 PM,15:54:43,−2:36,1:44 AM,3:39 AM,5:23 AM,9:17 PM,11:01 PM,12:56 AM
23-Jul,5:24 AM,1:20 PM,9:16 PM,15:52:04,−2:39,1:54 AM,3:41 AM,5:24 AM,9:16 PM,10:59 PM,12:46 AM
24-Jul,5:25 AM,1:20 PM,9:15 PM,15:49:22,−2:42,2:02 AM,3:43 AM,5:25 AM,9:15 PM,10:56 PM,12:38 AM
25-Jul,5:27 AM,1:20 PM,9:13 PM,15:46:37,−2:45,2:09 AM,3:46 AM,5:27 AM,9:13 PM,10:54 PM,12:31 AM
26-Jul,5:28 AM,1:20 PM,9:12 PM,15:43:47,−2:50,2:15 AM,3:48 AM,5:28 AM,9:12 PM,10:52 PM,12:25 AM
27-Jul,5:30 AM,1:20 PM,9:10 PM,15:40:56,−2:51,2:21 AM,3:50 AM,5:30 AM,9:10 PM,10:50 PM,12:19 AM
28-Jul,5:31 AM,1:20 PM,9:09 PM,15:38:01,−2:55,2:26 AM,3:53 AM,5:31 AM,9:09 PM,10:47 PM,12:14 AM
29-Jul,5:32 AM,1:20 PM,9:07 PM,15:35:03,−2:58,2:31 AM,3:55 AM,5:32 AM,9:07 PM,10:45 PM,12:09 AM
30-Jul,5:34 AM,1:20 PM,9:06 PM,15:32:02,−3:01,2:36 AM,3:57 AM,5:34 AM,9:06 PM,10:43 PM,12:04 AM
31-Jul,5:35 AM,1:20 PM,9:04 PM,15:28:59,−3:03,2:41 AM,3:59 AM,5:35 AM,9:04 PM,10:40 PM,11:59 PM
01-Aug,5:37 AM,1:20 PM,9:03 PM,15:25:52,−3:07,2:45 AM,4:02 AM,5:37 AM,9:03 PM,10:38 PM,11:55 PM
02-Aug,5:38 AM,1:20 PM,9:01 PM,15:22:44,−3:08,2:49 AM,4:04 AM,5:38 AM,9:01 PM,10:36 PM,11:50 PM
03-Aug,5:40 AM,1:20 PM,9:00 PM,15:19:33,−3:11,2:53 AM,4:06 AM,5:40 AM,9:00 PM,10:33 PM,11:46 PM
04-Aug,5:42 AM,1:20 PM,8:58 PM,15:16:20,−3:13,2:57 AM,4:09 AM,5:42 AM,8:58 PM,10:31 PM,11:42 PM
05-Aug,5:43 AM,1:20 PM,8:56 PM,15:13:05,−3:15,3:01 AM,4:11 AM,5:43 AM,8:56 PM,10:28 PM,11:38 PM
06-Aug,5:45 AM,1:20 PM,8:54 PM,15:09:47,−3:18,3:05 AM,4:13 AM,5:45 AM,8:54 PM,10:26 PM,11:34 PM
07-Aug,5:46 AM,1:19 PM,8:53 PM,15:06:28,−3:19,3:08 AM,4:15 AM,5:46 AM,8:53 PM,10:24 PM,11:30 PM
08-Aug,5:48 AM,1:19 PM,8:51 PM,15:03:06,−3:22,3:12 AM,4:18 AM,5:48 AM,8:51 PM,10:21 PM,11:27 PM
09-Aug,5:49 AM,1:19 PM,8:49 PM,14:59:43,−3:23,3:15 AM,4:20 AM,5:49 AM,8:49 PM,10:19 PM,11:23 PM
10-Aug,5:51 AM,1:19 PM,8:47 PM,14:56:18,−3:25,3:19 AM,4:22 AM,5:51 AM,8:47 PM,10:16 PM,11:19 PM
11-Aug,5:52 AM,1:19 PM,8:45 PM,14:52:51,−3:27,3:22 AM,4:24 AM,5:52 AM,8:45 PM,10:14 PM,11:16 PM
12-Aug,5:54 AM,1:19 PM,8:43 PM,14:49:23,−3:28,3:25 AM,4:26 AM,5:54 AM,8:43 PM,10:11 PM,11:12 PM
13-Aug,5:56 AM,1:19 PM,8:42 PM,14:45:52,−3:31,3:29 AM,4:29 AM,5:56 AM,8:42 PM,10:09 PM,11:09 PM
14-Aug,5:57 AM,1:18 PM,8:40 PM,14:42:21,−3:31,3:32 AM,4:31 AM,5:57 AM,8:40 PM,10:06 PM,11:05 PM
15-Aug,5:59 AM,1:18 PM,8:38 PM,14:38:48,−3:33,3:35 AM,4:33 AM,5:59 AM,8:38 PM,10:03 PM,11:02 PM
16-Aug,6:00 AM,1:18 PM,8:36 PM,14:35:14,−3:34,3:38 AM,4:35 AM,6:00 AM,8:36 PM,10:01 PM,10:58 PM
17-Aug,6:02 AM,1:18 PM,8:34 PM,14:31:38,−3:36,3:41 AM,4:37 AM,6:02 AM,8:34 PM,9:58 PM,10:55 PM
18-Aug,6:04 AM,1:18 PM,8:32 PM,14:28:01,−3:37,3:44 AM,4:40 AM,6:04 AM,8:32 PM,9:56 PM,10:51 PM
19-Aug,6:05 AM,1:17 PM,8:30 PM,14:24:23,−3:38,3:47 AM,4:42 AM,6:05 AM,8:30 PM,9:53 PM,10:48 PM
20-Aug,6:07 AM,1:17 PM,8:28 PM,14:20:44,−3:39,3:50 AM,4:44 AM,6:07 AM,8:28 PM,9:51 PM,10:45 PM
21-Aug,6:08 AM,1:17 PM,8:26 PM,14:17:04,−3:40,3:52 AM,4:46 AM,6:08 AM,8:26 PM,9:48 PM,10:42 PM
22-Aug,6:10 AM,1:17 PM,8:23 PM,14:13:23,−3:41,3:55 AM,4:48 AM,6:10 AM,8:23 PM,9:45 PM,10:38 PM
23-Aug,6:12 AM,1:17 PM,8:21 PM,14:09:41,−3:42,3:58 AM,4:50 AM,6:12 AM,8:21 PM,9:43 PM,10:35 PM
24-Aug,6:13 AM,1:16 PM,8:19 PM,14:05:58,−3:43,4:01 AM,4:52 AM,6:13 AM,8:19 PM,9:40 PM,10:32 PM
25-Aug,6:15 AM,1:16 PM,8:17 PM,14:02:14,−3:44,4:03 AM,4:54 AM,6:15 AM,8:17 PM,9:38 PM,10:29 PM
26-Aug,6:16 AM,1:16 PM,8:15 PM,13:58:30,−3:44,4:06 AM,4:56 AM,6:16 AM,8:15 PM,9:35 PM,10:26 PM
27-Aug,6:18 AM,1:15 PM,8:13 PM,13:54:44,−3:46,4:08 AM,4:58 AM,6:18 AM,8:13 PM,9:33 PM,10:22 PM
28-Aug,6:20 AM,1:15 PM,8:11 PM,13:50:59,−3:45,4:11 AM,5:00 AM,6:20 AM,8:11 PM,9:30 PM,10:19 PM
29-Aug,6:21 AM,1:15 PM,8:08 PM,13:47:12,−3:47,4:13 AM,5:02 AM,6:21 AM,8:08 PM,9:27 PM,10:16 PM
30-Aug,6:23 AM,1:15 PM,8:06 PM,13:43:24,−3:48,4:16 AM,5:04 AM,6:23 AM,8:06 PM,9:25 PM,10:13 PM
31-Aug,6:24 AM,1:14 PM,8:04 PM,13:39:36,−3:48,4:18 AM,5:06 AM,6:24 AM,8:04 PM,9:22 PM,10:10 PM
01-Sep,6:26 AM,1:14 PM,8:02 PM,13:35:47,−3:49,4:21 AM,5:08 AM,6:26 AM,8:02 PM,9:20 PM,10:07 PM
02-Sep,6:28 AM,1:14 PM,8:00 PM,13:31:58,−3:49,4:23 AM,5:10 AM,6:28 AM,8:00 PM,9:17 PM,10:04 PM
03-Sep,6:29 AM,1:13 PM,7:57 PM,13:28:08,−3:50,4:25 AM,5:12 AM,6:29 AM,7:57 PM,9:14 PM,10:01 PM
04-Sep,6:31 AM,1:13 PM,7:55 PM,13:24:18,−3:50,4:28 AM,5:14 AM,6:31 AM,7:55 PM,9:12 PM,9:58 PM
05-Sep,6:32 AM,1:13 PM,7:53 PM,13:20:27,−3:51,4:30 AM,5:16 AM,6:32 AM,7:53 PM,9:09 PM,9:55 PM
06-Sep,6:34 AM,1:12 PM,7:51 PM,13:16:36,−3:51,4:32 AM,5:18 AM,6:34 AM,7:51 PM,9:07 PM,9:52 PM
07-Sep,6:36 AM,1:12 PM,7:48 PM,13:12:44,−3:52,4:35 AM,5:20 AM,6:36 AM,7:48 PM,9:04 PM,9:49 PM
08-Sep,6:37 AM,1:12 PM,7:46 PM,13:08:53,−3:51,4:37 AM,5:22 AM,6:37 AM,7:46 PM,9:02 PM,9:46 PM
09-Sep,6:39 AM,1:11 PM,7:44 PM,13:05:00,−3:53,4:39 AM,5:23 AM,6:39 AM,7:44 PM,8:59 PM,9:43 PM
10-Sep,6:40 AM,1:11 PM,7:41 PM,13:01:07,−3:53,4:41 AM,5:25 AM,6:40 AM,7:41 PM,8:57 PM,9:41 PM
11-Sep,6:42 AM,1:10 PM,7:39 PM,12:57:14,−3:53,4:43 AM,5:27 AM,6:42 AM,7:39 PM,8:54 PM,9:38 PM
12-Sep,6:43 AM,1:10 PM,7:37 PM,12:53:21,−3:53,4:45 AM,5:29 AM,6:43 AM,7:37 PM,8:51 PM,9:35 PM
13-Sep,6:45 AM,1:10 PM,7:35 PM,12:49:28,−3:53,4:47 AM,5:31 AM,6:45 AM,7:35 PM,8:49 PM,9:32 PM
14-Sep,6:47 AM,1:09 PM,7:32 PM,12:45:34,−3:54,4:49 AM,5:32 AM,6:47 AM,7:32 PM,8:46 PM,9:29 PM
15-Sep,6:48 AM,1:09 PM,7:30 PM,12:41:40,−3:54,4:52 AM,5:34 AM,6:48 AM,7:30 PM,8:44 PM,9:27 PM
16-Sep,6:50 AM,1:09 PM,7:28 PM,12:37:45,−3:55,4:54 AM,5:36 AM,6:50 AM,7:28 PM,8:41 PM,9:24 PM
17-Sep,6:51 AM,1:08 PM,7:25 PM,12:33:51,−3:54,4:56 AM,5:38 AM,6:51 AM,7:25 PM,8:39 PM,9:21 PM
18-Sep,6:53 AM,1:08 PM,7:23 PM,12:29:57,−3:54,4:58 AM,5:40 AM,6:53 AM,7:23 PM,8:36 PM,9:18 PM
19-Sep,6:55 AM,1:08 PM,7:21 PM,12:26:02,−3:55,5:00 AM,5:41 AM,6:55 AM,7:21 PM,8:34 PM,9:16 PM
20-Sep,6:56 AM,1:07 PM,7:18 PM,12:22:08,−3:54,5:01 AM,5:43 AM,6:56 AM,7:18 PM,8:31 PM,9:13 PM
21-Sep,6:58 AM,1:07 PM,7:16 PM,12:18:13,−3:55,5:03 AM,5:45 AM,6:58 AM,7:16 PM,8:29 PM,9:10 PM
22-Sep,6:59 AM,1:06 PM,7:14 PM,12:14:18,−3:55,5:05 AM,5:46 AM,6:59 AM,7:14 PM,8:26 PM,9:08 PM
23-Sep,7:01 AM,1:06 PM,7:11 PM,12:10:23,−3:55,5:07 AM,5:48 AM,7:01 AM,7:11 PM,8:24 PM,9:05 PM
24-Sep,7:02 AM,1:06 PM,7:09 PM,12:06:28,−3:55,5:09 AM,5:50 AM,7:02 AM,7:09 PM,8:22 PM,9:02 PM
25-Sep,7:04 AM,1:05 PM,7:07 PM,12:02:33,−3:55,5:11 AM,5:52 AM,7:04 AM,7:07 PM,8:19 PM,9:00 PM
26-Sep,7:06 AM,1:05 PM,7:04 PM,11:58:37,−3:56,5:13 AM,5:53 AM,7:06 AM,7:04 PM,8:17 PM,8:57 PM
27-Sep,7:07 AM,1:05 PM,7:02 PM,11:54:43,−3:54,5:15 AM,5:55 AM,7:07 AM,7:02 PM,8:14 PM,8:55 PM
28-Sep,7:09 AM,1:04 PM,7:00 PM,11:50:47,−3:56,5:16 AM,5:57 AM,7:09 AM,7:00 PM,8:12 PM,8:52 PM
29-Sep,7:11 AM,1:04 PM,6:57 PM,11:46:52,−3:55,5:18 AM,5:58 AM,7:11 AM,6:57 PM,8:10 PM,8:50 PM
30-Sep,7:12 AM,1:04 PM,6:55 PM,11:42:57,−3:55,5:20 AM,6:00 AM,7:12 AM,6:55 PM,8:07 PM,8:47 PM
01-Oct,7:14 AM,1:03 PM,6:53 PM,11:39:02,−3:55,5:22 AM,6:02 AM,7:14 AM,6:53 PM,8:05 PM,8:45 PM
02-Oct,7:15 AM,1:03 PM,6:50 PM,11:35:07,−3:55,5:24 AM,6:03 AM,7:15 AM,6:50 PM,8:03 PM,8:42 PM
03-Oct,7:17 AM,1:03 PM,6:48 PM,11:31:12,−3:55,5:25 AM,6:05 AM,7:17 AM,6:48 PM,8:00 PM,8:40 PM
04-Oct,7:19 AM,1:02 PM,6:46 PM,11:27:18,−3:54,5:27 AM,6:07 AM,7:19 AM,6:46 PM,7:58 PM,8:37 PM
05-Oct,7:20 AM,1:02 PM,6:44 PM,11:23:24,−3:54,5:29 AM,6:08 AM,7:20 AM,6:44 PM,7:56 PM,8:35 PM
06-Oct,7:22 AM,1:02 PM,6:41 PM,11:19:29,−3:55,5:31 AM,6:10 AM,7:22 AM,6:41 PM,7:53 PM,8:33 PM
07-Oct,7:24 AM,1:01 PM,6:39 PM,11:15:35,−3:54,5:32 AM,6:12 AM,7:24 AM,6:39 PM,7:51 PM,8:30 PM
08-Oct,7:25 AM,1:01 PM,6:37 PM,11:11:42,−3:53,5:34 AM,6:13 AM,7:25 AM,6:37 PM,7:49 PM,8:28 PM
09-Oct,7:27 AM,1:01 PM,6:35 PM,11:07:48,−3:54,5:36 AM,6:15 AM,7:27 AM,6:35 PM,7:47 PM,8:26 PM
10-Oct,7:29 AM,1:01 PM,6:32 PM,11:03:55,−3:53,5:38 AM,6:17 AM,7:29 AM,6:32 PM,7:44 PM,8:24 PM
11-Oct,7:30 AM,1:00 PM,6:30 PM,11:00:02,−3:53,5:39 AM,6:18 AM,7:30 AM,6:30 PM,7:42 PM,8:21 PM
12-Oct,7:32 AM,1:00 PM,6:28 PM,10:56:10,−3:52,5:41 AM,6:20 AM,7:32 AM,6:28 PM,7:40 PM,8:19 PM
13-Oct,7:34 AM,1:00 PM,6:26 PM,10:52:17,−3:53,5:43 AM,6:21 AM,7:34 AM,6:26 PM,7:38 PM,8:17 PM
14-Oct,7:35 AM,12:59 PM,6:24 PM,10:48:25,−3:52,5:44 AM,6:23 AM,7:35 AM,6:24 PM,7:36 PM,8:15 PM
15-Oct,7:37 AM,12:59 PM,6:22 PM,10:44:35,−3:50,5:46 AM,6:25 AM,7:37 AM,6:22 PM,7:34 PM,8:13 PM
16-Oct,7:39 AM,12:59 PM,6:19 PM,10:40:43,−3:52,5:48 AM,6:26 AM,7:39 AM,6:19 PM,7:32 PM,8:11 PM
17-Oct,7:40 AM,12:59 PM,6:17 PM,10:36:54,−3:49,5:49 AM,6:28 AM,7:40 AM,6:17 PM,7:30 PM,8:08 PM
18-Oct,7:42 AM,12:59 PM,6:15 PM,10:33:04,−3:50,5:51 AM,6:30 AM,7:42 AM,6:15 PM,7:28 PM,8:06 PM
19-Oct,7:44 AM,12:58 PM,6:13 PM,10:29:15,−3:49,5:53 AM,6:31 AM,7:44 AM,6:13 PM,7:26 PM,8:04 PM
20-Oct,7:46 AM,12:58 PM,6:11 PM,10:25:26,−3:49,5:54 AM,6:33 AM,7:46 AM,6:11 PM,7:24 PM,8:02 PM
21-Oct,7:47 AM,12:58 PM,6:09 PM,10:21:39,−3:47,5:56 AM,6:34 AM,7:47 AM,6:09 PM,7:22 PM,8:00 PM
22-Oct,7:49 AM,12:58 PM,6:07 PM,10:17:52,−3:47,5:57 AM,6:36 AM,7:49 AM,6:07 PM,7:20 PM,7:58 PM
23-Oct,7:51 AM,12:58 PM,6:05 PM,10:14:06,−3:46,5:59 AM,6:38 AM,7:51 AM,6:05 PM,7:18 PM,7:57 PM
24-Oct,7:53 AM,12:58 PM,6:03 PM,10:10:22,−3:44,6:01 AM,6:39 AM,7:53 AM,6:03 PM,7:16 PM,7:55 PM
25-Oct,7:54 AM,12:58 PM,6:01 PM,10:06:37,−3:45,6:02 AM,6:41 AM,7:54 AM,6:01 PM,7:14 PM,7:53 PM
26-Oct,7:56 AM,12:57 PM,5:59 PM,10:02:54,−3:43,6:04 AM,6:42 AM,7:56 AM,5:59 PM,7:12 PM,7:51 PM
27-Oct,7:58 AM,12:57 PM,5:57 PM,09:59:11,−3:43,6:05 AM,6:44 AM,7:58 AM,5:57 PM,7:11 PM,7:49 PM
28-Oct,8:00 AM,12:57 PM,5:55 PM,09:55:30,−3:41,6:07 AM,6:46 AM,8:00 AM,5:55 PM,7:09 PM,7:48 PM
29-Oct,8:01 AM,12:57 PM,5:53 PM,09:51:50,−3:40,6:09 AM,6:47 AM,8:01 AM,5:53 PM,7:07 PM,7:46 PM
30-Oct,8:03 AM,12:57 PM,5:51 PM,09:48:12,−3:38,6:10 AM,6:49 AM,8:03 AM,5:51 PM,7:06 PM,7:44 PM
31-Oct,8:05 AM,12:57 PM,5:49 PM,09:44:34,−3:38,6:12 AM,6:50 AM,8:05 AM,5:49 PM,7:04 PM,7:43 PM
01-Nov,8:07 AM,12:57 PM,5:48 PM,09:40:58,−3:36,6:13 AM,6:52 AM,8:07 AM,5:48 PM,7:02 PM,7:41 PM
02-Nov,8:08 AM,12:57 PM,5:46 PM,09:37:24,−3:34,6:15 AM,6:54 AM,8:08 AM,5:46 PM,7:01 PM,7:39 PM
03-Nov,8:10 AM,12:57 PM,5:44 PM,09:33:51,−3:33,6:16 AM,6:55 AM,8:10 AM,5:44 PM,6:59 PM,7:38 PM
04-Nov,8:12 AM,12:57 PM,5:42 PM,09:30:19,−3:32,6:18 AM,6:57 AM,8:12 AM,5:42 PM,6:57 PM,7:36 PM
05-Nov,8:14 AM,12:57 PM,5:41 PM,09:26:49,−3:30,6:20 AM,6:58 AM,8:14 AM,5:41 PM,6:56 PM,7:35 PM
06-Nov,8:16 AM,12:57 PM,5:39 PM,09:23:21,−3:28,6:21 AM,7:00 AM,8:16 AM,5:39 PM,6:54 PM,7:33 PM
07-Nov,8:17 AM,12:57 PM,5:37 PM,09:19:56,−3:25,6:23 AM,7:02 AM,8:17 AM,5:37 PM,6:53 PM,7:32 PM
08-Nov,8:19 AM,12:57 PM,5:36 PM,09:16:32,−3:24,6:24 AM,7:03 AM,8:19 AM,5:36 PM,6:52 PM,7:31 PM
09-Nov,8:21 AM,12:57 PM,5:34 PM,09:13:10,−3:22,6:26 AM,7:05 AM,8:21 AM,5:34 PM,6:50 PM,7:29 PM
10-Nov,8:23 AM,12:58 PM,5:32 PM,09:09:50,−3:20,6:27 AM,7:06 AM,8:23 AM,5:32 PM,6:49 PM,7:28 PM
11-Nov,8:24 AM,12:58 PM,5:31 PM,09:06:33,−3:17,6:29 AM,7:08 AM,8:24 AM,5:31 PM,6:48 PM,7:27 PM
12-Nov,8:26 AM,12:58 PM,5:29 PM,09:03:18,−3:15,6:30 AM,7:09 AM,8:26 AM,5:29 PM,6:46 PM,7:26 PM
13-Nov,8:28 AM,12:58 PM,5:28 PM,09:00:05,−3:13,6:32 AM,7:11 AM,8:28 AM,5:28 PM,6:45 PM,7:24 PM
14-Nov,8:30 AM,12:58 PM,5:27 PM,08:56:55,−3:10,6:33 AM,7:12 AM,8:30 AM,5:27 PM,6:44 PM,7:23 PM
15-Nov,8:31 AM,12:58 PM,5:25 PM,08:53:48,−3:07,6:34 AM,7:14 AM,8:31 AM,5:25 PM,6:43 PM,7:22 PM
16-Nov,8:33 AM,12:58 PM,5:24 PM,08:50:44,−3:04,6:36 AM,7:15 AM,8:33 AM,5:24 PM,6:42 PM,7:21 PM
17-Nov,8:35 AM,12:59 PM,5:23 PM,08:47:42,−3:02,6:37 AM,7:17 AM,8:35 AM,5:23 PM,6:41 PM,7:20 PM
18-Nov,8:37 AM,12:59 PM,5:21 PM,08:44:44,−2:58,6:39 AM,7:18 AM,8:37 AM,5:21 PM,6:40 PM,7:19 PM
19-Nov,8:38 AM,12:59 PM,5:20 PM,08:41:49,−2:55,6:40 AM,7:20 AM,8:38 AM,5:20 PM,6:39 PM,7:18 PM
20-Nov,8:40 AM,12:59 PM,5:19 PM,08:38:57,−2:52,6:42 AM,7:21 AM,8:40 AM,5:19 PM,6:38 PM,7:17 PM
21-Nov,8:42 AM,1:00 PM,5:18 PM,08:36:09,−2:48,6:43 AM,7:23 AM,8:42 AM,5:18 PM,6:37 PM,7:16 PM
22-Nov,8:43 AM,1:00 PM,5:17 PM,08:33:25,−2:44,6:44 AM,7:24 AM,8:43 AM,5:17 PM,6:36 PM,7:16 PM
23-Nov,8:45 AM,1:00 PM,5:16 PM,08:30:44,−2:41,6:46 AM,7:25 AM,8:45 AM,5:16 PM,6:35 PM,7:15 PM
24-Nov,8:46 AM,1:00 PM,5:14 PM,08:28:07,−2:37,6:47 AM,7:27 AM,8:46 AM,5:14 PM,6:34 PM,7:14 PM
25-Nov,8:48 AM,1:01 PM,5:14 PM,08:25:33,−2:34,6:48 AM,7:28 AM,8:48 AM,5:14 PM,6:33 PM,7:13 PM
26-Nov,8:50 AM,1:01 PM,5:13 PM,08:23:05,−2:28,6:49 AM,7:29 AM,8:50 AM,5:13 PM,6:33 PM,7:13 PM
27-Nov,8:51 AM,1:01 PM,5:12 PM,08:20:40,−2:25,6:51 AM,7:31 AM,8:51 AM,5:12 PM,6:32 PM,7:12 PM
28-Nov,8:53 AM,1:02 PM,5:11 PM,08:18:20,−2:20,6:52 AM,7:32 AM,8:53 AM,5:11 PM,6:31 PM,7:12 PM
29-Nov,8:54 AM,1:02 PM,5:10 PM,08:16:05,−2:15,6:53 AM,7:33 AM,8:54 AM,5:10 PM,6:31 PM,7:11 PM
30-Nov,8:55 AM,1:02 PM,5:09 PM,08:13:54,−2:11,6:54 AM,7:34 AM,8:55 AM,5:09 PM,6:30 PM,7:11 PM
01-Dec,8:57 AM,1:03 PM,5:09 PM,08:11:47,−2:07,6:55 AM,7:36 AM,8:57 AM,5:09 PM,6:30 PM,7:10 PM
02-Dec,8:58 AM,1:03 PM,5:08 PM,08:09:46,−2:01,6:57 AM,7:37 AM,8:58 AM,5:08 PM,6:29 PM,7:10 PM
03-Dec,9:00 AM,1:04 PM,5:07 PM,08:07:49,−1:57,6:58 AM,7:38 AM,9:00 AM,5:07 PM,6:29 PM,7:09 PM
04-Dec,9:01 AM,1:04 PM,5:07 PM,08:05:58,−1:51,6:59 AM,7:39 AM,9:01 AM,5:07 PM,6:29 PM,7:09 PM
05-Dec,9:02 AM,1:04 PM,5:06 PM,08:04:13,−1:45,7:00 AM,7:40 AM,9:02 AM,5:06 PM,6:28 PM,7:09 PM
06-Dec,9:03 AM,1:05 PM,5:06 PM,08:02:32,−1:41,7:01 AM,7:41 AM,9:03 AM,5:06 PM,6:28 PM,7:09 PM
07-Dec,9:05 AM,1:05 PM,5:06 PM,08:00:58,−1:34,7:02 AM,7:42 AM,9:05 AM,5:06 PM,6:28 PM,7:08 PM
08-Dec,9:06 AM,1:06 PM,5:05 PM,07:59:29,−1:29,7:03 AM,7:43 AM,9:06 AM,5:05 PM,6:28 PM,7:08 PM
09-Dec,9:07 AM,1:06 PM,5:05 PM,07:58:05,−1:24,7:04 AM,7:44 AM,9:07 AM,5:05 PM,6:28 PM,7:08 PM
10-Dec,9:08 AM,1:06 PM,5:05 PM,07:56:47,−1:18,7:05 AM,7:45 AM,9:08 AM,5:05 PM,6:28 PM,7:08 PM
11-Dec,9:09 AM,1:07 PM,5:05 PM,07:55:36,−1:11,7:06 AM,7:46 AM,9:09 AM,5:05 PM,6:28 PM,7:08 PM
12-Dec,9:10 AM,1:07 PM,5:05 PM,07:54:31,−1:05,7:06 AM,7:47 AM,9:10 AM,5:05 PM,6:28 PM,7:08 PM
13-Dec,9:11 AM,1:08 PM,5:05 PM,07:53:31,−1:00,7:07 AM,7:48 AM,9:11 AM,5:05 PM,6:28 PM,7:08 PM
14-Dec,9:12 AM,1:08 PM,5:05 PM,07:52:38,−0:53,7:08 AM,7:49 AM,9:12 AM,5:05 PM,6:28 PM,7:08 PM
15-Dec,9:13 AM,1:09 PM,5:05 PM,07:51:51,−0:47,7:09 AM,7:50 AM,9:13 AM,5:05 PM,6:28 PM,7:09 PM
16-Dec,9:14 AM,1:09 PM,5:05 PM,07:51:10,−0:41,7:10 AM,7:50 AM,9:14 AM,5:05 PM,6:28 PM,7:09 PM
17-Dec,9:14 AM,1:10 PM,5:05 PM,07:50:36,−0:34,7:10 AM,7:51 AM,9:14 AM,5:05 PM,6:28 PM,7:09 PM
18-Dec,9:15 AM,1:10 PM,5:05 PM,07:50:08,−0:28,7:11 AM,7:52 AM,9:15 AM,5:05 PM,6:29 PM,7:09 PM
19-Dec,9:16 AM,1:11 PM,5:06 PM,07:49:47,−0:21,7:11 AM,7:52 AM,9:16 AM,5:06 PM,6:29 PM,7:10 PM
20-Dec,9:16 AM,1:11 PM,5:06 PM,07:49:32,−0:15,7:12 AM,7:53 AM,9:16 AM,5:06 PM,6:29 PM,7:10 PM
21-Dec,9:17 AM,1:12 PM,5:06 PM,07:49:24,−0:08,7:13 AM,7:53 AM,9:17 AM,5:06 PM,6:30 PM,7:11 PM
22-Dec,9:17 AM,1:12 PM,5:07 PM,07:49:22,−0:02,7:13 AM,7:54 AM,9:17 AM,5:07 PM,6:30 PM,7:11 PM
23-Dec,9:18 AM,1:13 PM,5:07 PM,07:49:26,+0:04,7:13 AM,7:54 AM,9:18 AM,5:07 PM,6:31 PM,7:12 PM
24-Dec,9:18 AM,1:13 PM,5:08 PM,07:49:38,+0:12,7:14 AM,7:55 AM,9:18 AM,5:08 PM,6:31 PM,7:12 PM
25-Dec,9:19 AM,1:14 PM,5:08 PM,07:49:56,+0:18,7:14 AM,7:55 AM,9:19 AM,5:08 PM,6:32 PM,7:13 PM
26-Dec,9:19 AM,1:14 PM,5:09 PM,07:50:20,+0:24,7:15 AM,7:55 AM,9:19 AM,5:09 PM,6:33 PM,7:13 PM
27-Dec,9:19 AM,1:14 PM,5:10 PM,07:50:51,+0:31,7:15 AM,7:56 AM,9:19 AM,5:10 PM,6:33 PM,7:14 PM
28-Dec,9:19 AM,1:15 PM,5:11 PM,07:51:28,+0:37,7:15 AM,7:56 AM,9:19 AM,5:11 PM,6:34 PM,7:15 PM
29-Dec,9:19 AM,1:15 PM,5:12 PM,07:52:12,+0:44,7:15 AM,7:56 AM,9:19 AM,5:12 PM,6:35 PM,7:15 PM
30-Dec,9:19 AM,1:16 PM,5:12 PM,07:53:01,+0:49,7:16 AM,7:56 AM,9:19 AM,5:12 PM,6:36 PM,7:16 PM
31-Dec,9:19 AM,1:16 PM,5:13 PM,07:53:58,+0:57,7:16 AM,7:56 AM,9:19 AM,5:13 PM,6:36 PM,7:17 PM
